feature,times_selected,frequency,mean_importance
t3_atr_7,8,1.0,0.04896
t3_hv_30,8,1.0,0.04852
t3_hv_10,8,1.0,0.04612
t1_open_ATR_14_Slope,8,1.0,0.04075
t1_close_ATR_14,8,1.0,0.03679
t3_kcle_20_2,7,0.875,0.09955
t1_close_VWAP,7,0.875,0.07298
t1_open_Gap_Pct,7,0.875,0.04059
t1_close_DMP_14,7,0.875,0.03883
t1_open_DCL_20_20,7,0.875,0.03009
t3_ema_50,6,0.75,0.06353
t3_bbb_20_2_0_2_0,5,0.625,0.07431
t10_kcue_20_2,5,0.625,0.07043
t5_atr_20,5,0.625,0.04648
t5_kcue_20_2,4,0.5,0.06105
t3_kcue_20_2,4,0.5,0.0552
t1_open_DMP_14,4,0.5,0.03654
t3_superts_10_3,4,0.5,0.03652
t1_open_ROC_10,4,0.5,0.03288
t10_kcle_20_2,4,0.5,0.03129
t10_superts_10_3,3,0.375,0.09526
t10_obv,3,0.375,0.05688
t10_obv_sma20,3,0.375,0.05551
t10_atr_20,3,0.375,0.04214
t1_open_KCLe_20_2,3,0.375,0.02991
t5_superts_10_3,3,0.375,0.02988
t1_open_CMF_20,3,0.375,0.02904
t5_ema_50,2,0.25,0.05853
t5_obv_sma20,2,0.25,0.05483
t3_hv_20,2,0.25,0.03802
t1_open_BBM_20_2.0_2.0,2,0.25,0.03093
t1_close_BBB_20_2.0_2.0,2,0.25,0.0288
t3_atr_14_slope,2,0.25,0.02734
t5_kcle_20_2,1,0.125,0.07464
t1_open_VWAP,1,0.125,0.05572
t1_close_DCL_20_20,1,0.125,0.04652
t1_open_SMA_5,1,0.125,0.04501
t1_close_BBU_20_2.0_2.0,1,0.125,0.03289
t3_dmn_14,1,0.125,0.03109
t1_open_BBB_20_2.0_2.0,1,0.125,0.02705
t1_close_MOM_10,1,0.125,0.02588
t1_open_SMA_20,1,0.125,0.02546
t5_hv_20,1,0.125,0.02486
t1_open_EMA_10,1,0.125,0.0235
