feature,hits,hit_rate,p_value,status
t1_open_Gap_Pct,100,1.0,0.0,confirmed
t1_open_ATR_14_Slope,100,1.0,0.0,confirmed
t3_hv_10,100,1.0,0.0,confirmed
t3_hv_30,100,1.0,0.0,confirmed
t5_atr_20,100,1.0,0.0,confirmed
t3_ema_50,100,1.0,0.0,confirmed
t10_kcue_20_2,100,1.0,0.0,confirmed
t3_atr_7,100,1.0,0.0,confirmed
t1_close_DMP_14,100,1.0,0.0,confirmed
t1_open_DCL_20_20,100,1.0,0.0,confirmed
t3_kcle_20_2,100,1.0,0.0,confirmed
t1_close_ATR_14,100,1.0,0.0,confirmed
t1_close_VWAP,100,1.0,0.0,confirmed
t10_obv,100,1.0,0.0,confirmed
