feature,cluster_id,cluster_size,model_importance,label_corr_abs,nan_rate,kept_as_representative
t1_open_Gap_Pct,1,1,0.05237,0.0661,0.0004,True
t1_open_ATR_14_Slope,2,1,0.05481,0.0767,0.0004,True
t3_hv_10,3,1,0.0699,0.1102,0.0172,True
t3_hv_30,4,1,0.05279,0.1194,0.0191,True
t5_atr_20,5,1,0.05145,0.1192,0.0173,True
t3_ema_50,6,1,0.10082,0.0879,0.0243,True
t10_kcue_20_2,7,1,0.11836,0.1189,0.0245,True
t3_atr_7,8,1,0.06973,0.1701,0.017,True
t1_close_DMP_14,9,1,0.05915,0.1189,0.0002,True
t1_open_DCL_20_20,10,1,0.04797,0.1728,0.0006,True
t3_kcle_20_2,11,1,0.12031,0.1011,0.0243,True
t1_close_ATR_14,12,1,0.04726,0.1052,0.0002,True
t1_close_VWAP,13,1,0.08057,0.1557,0.0002,True
t10_obv,14,1,0.07451,0.119,0.0312,True
