generation,best_fitness,mean_fitness,best_n_features
0,0.7756432471425184,0.756295459817218,8
1,0.7794746616952736,0.7681832700341091,9
2,0.7795953737827568,0.7709371356323148,11
3,0.7795953737827568,0.7732184828113702,11
4,0.7817779596290788,0.7742355042174701,8
5,0.7817779596290788,0.7751485112040577,8
6,0.7817779596290788,0.7768507122861468,8
7,0.7817779596290788,0.7761458593972888,8
8,0.7817779596290788,0.776167697861251,8
9,0.7817779596290788,0.7752943015383508,8
10,0.7817779596290788,0.7767065737025055,8
11,0.7817779596290788,0.7779225985154549,8
12,0.7817779596290788,0.7779372820916033,8
13,0.7817779596290788,0.7774287338671815,8
14,0.7817779596290788,0.7755304568234311,8
15,0.7817779596290788,0.7757058994003213,8
16,0.7817779596290788,0.7763102683519681,8
17,0.7817779596290788,0.776076548867899,8
18,0.7817779596290788,0.775965375743275,8
19,0.7817779596290788,0.7780150285498305,8
20,0.7817779596290788,0.7771453534398274,8
21,0.7817779596290788,0.7757820327083551,8
22,0.7817779596290788,0.7778947256148709,8
23,0.7817779596290788,0.7759927700663811,8
24,0.7817779596290788,0.7767104313009737,8
